Scope,Model,MAE,RMSE,sMAPE (%),R2 Score,Jumlah Data Latih
2CPSH,Extra Trees Regression,8248.15111111111,32967.34671352268,178.2844687011702,-0.14590868319066796,451
2CPSH,Gradient Boosting Regression,7840.86547221144,32447.54414371101,185.9518024323055,-0.1100580308438257,451
2CPSH,Random Forest Regression,8783.019658068783,32751.326036883056,173.86124693451129,-0.13094060217364367,451
2GRSY,Extra Trees Regression,5757.8895487411755,36339.68981189507,172.64031508854038,-0.034475532574369305,7257
2GRSY,Gradient Boosting Regression,7082.7516043576625,37216.93330909354,183.75373738402723,-0.08502303852591897,7257
2GRSY,Random Forest Regression,7194.828924272662,37197.53233939721,179.15536936294833,-0.08389210104837708,7257
2HBLE,Extra Trees Regression,5573.007649875723,31210.240893749604,174.20671868540128,-0.10903282048513097,14010
2HBLE,Gradient Boosting Regression,5339.857242445621,30626.903942615158,182.61772747792065,-0.06796335281556609,14010
2HBLE,Random Forest Regression,5880.455874966235,30952.02623363602,176.66095167968297,-0.09075779891566982,14010
2HIQL,Extra Trees Regression,3956.0861333655084,32262.346535583663,170.780641473792,-0.019564991690931732,2799
2HIQL,Gradient Boosting Regression,5278.1778777671325,36257.641946487354,183.33606461135605,-0.2877220230965205,2799
2HIQL,Random Forest Regression,5656.718086535739,33893.47269575882,177.4960737517552,-0.12526587493682384,2799
2HSPH,Extra Trees Regression,11545.682755335603,36932.898741850884,177.2164688872935,-7.541583738880325,3356
2HSPH,Gradient Boosting Regression,9469.826166549006,46160.96999395242,186.51285627936238,-12.343245132815843,3356
2HSPH,Random Forest Regression,12595.350439310232,39856.137856279274,181.39823277271577,-8.947227185934148,3356
2LPCM,Extra Trees Regression,4587.6742378559475,25251.682747196144,175.72910258984103,-0.1511128266289432,933
2LPCM,Gradient Boosting Regression,3731.6543567129866,23673.37154054883,182.21709171989997,-0.011713331492826162,933
2LPCM,Random Forest Regression,3395.580879106934,23698.538310665866,175.46308880834255,-0.013865546328348577,933
2VIOS,Extra Trees Regression,7259.430013698629,23199.11149862135,181.31029322131943,-0.6365464936723664,686
2VIOS,Gradient Boosting Regression,6829.019799888984,20606.407421936015,187.0372790123632,-0.2911901613359553,686
2VIOS,Random Forest Regression,7071.04094312334,22592.633918023683,184.24746095184798,-0.5520988390621848,686
ALL,Extra Trees Regression,6460.650822528115,34024.61133928504,174.1309292846762,-0.31130103955594435,29492
ALL,Gradient Boosting Regression,5768.381496439242,30652.524792432076,183.87486138140176,-0.06426202092234856,29492
ALL,Random Forest Regression,7033.413989459081,33374.773830217746,178.64319366402202,-0.26169017792140203,29492
